{"cameraMode":{"drawMode":0,"name":"Shaded","section":"Shading Mode"},"sceneLighting":true,"audioPlay":false,"sceneViewState":{"showFog":true,"showMaterialUpdate":true,"showSkybox":true,"showFlares":true,"showImageEffects":true,"showParticleSystems":true},"in2DMode":false,"pivot":{"x":23.579999923706056,"y":5.800000190734863,"z":-45.70000076293945},"rotation":{"x":0.3738221526145935,"y":-0.37082263827323916,"z":0.16626621782779694,"w":0.8337312340736389},"size":22.0,"orthographic":false}